-- This script was generated by a beta version of the ERD tool in pgAdmin 4.
-- Please log an issue at https://redmine.postgresql.org/projects/pgadmin4/issues/new if you find any bugs, including reproduction steps.
BEGIN;


CREATE TABLE public.my_contacts
(
    zip_code integer,
    prof_id integer,
    contact_id bigint NOT NULL,
    status_id integer,
    phone character varying[100],
    last_name character varying[100],
    gender char[1],
    first_name character varying[100],
    email character varying[100],
    birthday character varying[100],
    PRIMARY KEY (contact_id)
);

CREATE TABLE public."Profession"
(
    prof_id integer NOT NULL,
    "Profession" character varying[100],
    PRIMARY KEY (prof_id)
);

CREATE TABLE public.zip_code
(
    zip_code integer NOT NULL,
    postal_code character varying[100],
    PRIMARY KEY (zip_code)
);

CREATE TABLE public.status
(
    status_id integer NOT NULL,
    status character varying[100],
    PRIMARY KEY (status_id)
);

CREATE TABLE public.contact_intrest
(
    contact_id bigint NOT NULL,
    interest_id integer,
    PRIMARY KEY (contact_id, interest_id)
);

CREATE TABLE public.contact_seeking
(
    contact_id bigint NOT NULL,
    seeking_id integer,
    PRIMARY KEY (contact_id, seeking_id)
);

CREATE TABLE public.interests
(
    interest_id integer NOT NULL,
    interest character varying[50],
    PRIMARY KEY (interest_id)
);

CREATE TABLE public.seeking
(
    seeking_id integer NOT NULL,
    seeking character varying[25],
    PRIMARY KEY (seeking_id)
);

ALTER TABLE public.my_contacts
    ADD FOREIGN KEY (prof_id)
    REFERENCES public."Profession" (prof_id)
    NOT VALID;


ALTER TABLE public.my_contacts
    ADD FOREIGN KEY (zip_code)
    REFERENCES public.zip_code (zip_code)
    NOT VALID;


ALTER TABLE public.my_contacts
    ADD FOREIGN KEY (status_id)
    REFERENCES public.status (status_id)
    NOT VALID;


ALTER TABLE public.my_contacts
    ADD FOREIGN KEY (contact_id)
    REFERENCES public.contact_intrest (contact_id)
    NOT VALID;


ALTER TABLE public.my_contacts
    ADD FOREIGN KEY (contact_id)
    REFERENCES public.contact_seeking (contact_id)
    NOT VALID;


ALTER TABLE public.contact_intrest
    ADD FOREIGN KEY (interest_id)
    REFERENCES public.interests (interest_id)
    NOT VALID;


ALTER TABLE public.contact_seeking
    ADD FOREIGN KEY (seeking_id)
    REFERENCES public.seeking (seeking_id)
    NOT VALID;

INSERT INTO public."Profession" (prof_id,"Profession")
VALUES 
('1','{Docter}'),
('2','{Professor}'),
('3','{Police}'),
('4','{Engieener}'),
('5','{Bank Teller}'),
('6','{Dog walker}'),
('7','{Coach}'),
('8','{IT Spec}');

INSERT INTO public.zip_code (zip_code,postal_code)
VALUES
('1','{0699}'),
('2','{8001}'),
('3','{9301}'),
('4','{6001}'),
('5','{3610}'),
('6','{4001}'),
('7','{7600}'),
('8','{0182}');

INSERT INTO public.status (status_id,status)
VALUES
('1','{Single}'),
('2','{Single}'),
('3','{Single}'),
('4','{Single}'),
('5','{Single}'),
('6','{Single}'),
('7','{Single}'),
('8','{Single}');


INSERT INTO public.interests (interest_id,interest)
VALUES
('1','{Sakting}'),
('2','{Roller blading}'),
('3','{Swimming}'),
('4','{Dancing}'),
('5','{Jogging}'),
('6','{bowlling}'),
('7','{Gaming}'),
('8','{Soccer}');

INSERT INTO public.seeking (seeking_id,seeking)
VALUES
('1','{Gay Male}'),
('2','{Straight Female}'),
('3','{Straight Female}'),
('4','{Straight Female}'),
('5','{Straight Male}'),
('6','{Straight Female}'),
('7','{Straight Male}'),
('8','{Straight Female}');

INSERT INTO public.my_contacts (first_name,last_name,email, birthday,phone,gender,zip_code,prof_id,contact_id,status_id)
VALUES 
('{Dominic}','{Smith}','{domboy@gmail.com}','{02-23-1998}','{0613456725}','{M}','1','1','1','1'),
('{Evan}','{Kennway}','{Captionkennway@gmail.com}','{03-13-1993}','{0713456723}','{M}','2','2','2','2'),
('{Gerlad}','{Du plooi}','{Duplooi@gmail.com}','{06-15-1989}','{0612345567}','{M}','3','3','3','3'),
('{Katherine}','{Moors}','{kathi@gamil.com}','{07-14-1990}','{0653422219}','{M}','4','4','4','4'),
('{Ben}','{Tennasine}','{benniboy@gmail.com}','{09-01-1985}','{0611234567}','{M}','5','5','5','5'),
('{Fergerson}','{Burgers}','{Burgerboy@gmail.com}','{10-04-1980}','{0812554321}','{M}','6','6','6','6'),
('{debby}','{Banks}','{debbygirl12@gmail.com}','{08-11-1999}','{0613565743}','{M}','7','7','7','7'),
('{Victer}','{Stone}','{Cyborg@gmail.com}','{09-12-1975}','{0614357564}','{M}','8','8','8','8');


INSERT INTO public.contact_seeking (contact_id, seeking_id)
VALUES 
('1','1'),
('2','2'),
('3','3'),
('4','4'),
('5','5'),
('6','6'),
('7','7'),
('8','8');


INSERT INTO public.contact_intrest (contact_id,interest_id )
VALUES 
('1','1'),
('2','2'),
('3','3'),
('4','4'),
('5','5'),
('6','6'),
('7','7'),
('8','8');
